timestamp;ax;ay;az;gx;gy;gz
238569;-0.1227;0.2024;0.5766;0.0153;0.1450;-0.0153
238614;-0.1178;0.1987;0.5708;-0.0076;-0.2519;-0.0687
238659;-0.1191;0.1984;0.5834;-0.0916;-0.1221;-0.1756
238704;-0.1223;0.2077;0.5708;-0.2519;0.2214;-0.4885
238749;-0.1393;0.1965;0.5806;-0.2901;-0.4656;-0.3740
238794;-0.1197;0.1939;0.5878;-0.5115;-13.511;-0.5649
238839;-0.1255;0.1860;0.5978;-0.3359;0.9084;-0.3130
238884;-0.1144;0.1877;0.5814;-0.3206;0.2290;-0.2901
238929;-0.1369;0.1917;0.5876;-0.2137;0.5267;-0.1298
238974;-0.1279;0.1994;0.5958;-0.2366;-0.1527;-0.2748
239019;-0.1303;0.1898;0.5995;-0.2137;-0.1527;-0.1756
239064;-0.1251;0.1865;0.5897;-0.1374;0.0916;-0.0229
239109;-0.1361;0.1875;0.5943;0.0000;0.1908;0.1908
239154;-0.1348;0.1895;0.5799;0.1374;-0.0076;0.3130
239199;-0.1261;0.1873;0.5877;0.1527;-0.1603;0.2366
239244;-0.1304;0.1945;0.5937;0.2061;0.0229;0.3130
239289;-0.1248;0.1878;0.5887;0.2748;0.0076;0.2977
239334;-0.1237;0.2001;0.5917;0.1832;0.0611;0.3206
239379;-0.1208;0.1984;0.5873;0.0534;0.1374;0.1985
239424;-0.1281;0.2003;0.5876;-0.1450;0.0687;0.0611
239469;-0.1283;0.1950;0.5869;-0.3130;0.1450;-0.2366
239514;-0.1227;0.2324;0.5954;-0.9313;-0.3511;-0.5954
239559;-0.0923;0.2619;0.5983;-22.901;0.3969;-19.618
239604;-0.1093;0.3472;0.6857;-55.573;34.427;-37.405
239649;-0.1720;0.3803;0.6349;-86.107;53.817;-78.321
239694;-0.3406;0.2576;0.6863;-90.000;0.4580;-87.252
239739;-0.3174;0.1143;0.7634;-91.756;-41.908;-72.672
239784;-0.2740;0.0428;0.8870;-91.603;0.8168;-80.153
239829;-0.3521;0.0219;0.8700;-84.733;10.458;-65.954
239874;-0.2800;-0.0612;0.9084;-69.237;65.496;-68.092
239919;-0.4269;-0.0892;0.8633;-54.962;130.916;-111.908
239964;-0.5834;-0.1318;0.8728;-50.916;55.344;-76.794
240009;-0.4996;-0.1572;0.9272;-42.977;68.779;-63.359
240054;-0.5482;-0.1888;0.9291;-46.718;39.313;-52.748
240099;-0.5070;-0.2221;0.9855;-41.221;122.519;-39.542
240144;-0.6765;-0.2273;0.8792;-40.458;139.008;-34.046
240189;-0.7077;-0.2335;0.8263;-41.221;138.397;-24.198
240234;-0.7728;-0.2765;0.7395;-35.954;107.328;-16.870
240279;-0.7224;-0.3061;0.7485;-33.359;68.626;0.3740
240324;-0.7410;-0.2585;0.7448;-28.702;83.511;24.809
240369;-0.7538;-0.2098;0.6849;-27.863;95.115;34.809
240414;-0.8327;-0.1765;0.6846;-33.282;116.336;35.344
240459;-0.8753;-0.1515;0.5711;-43.893;96.870;56.260
240504;-0.8113;-0.1185;0.5882;-45.878;104.275;68.855
240549;-0.8299;-0.1371;0.4969;-46.947;89.389;70.534
240594;-0.8029;-0.0809;0.4186;-48.702;57.786;73.511
240639;-0.8444;-0.0544;0.3681;-50.000;22.748;62.366
240684;-0.7894;-0.0805;0.4368;-44.962;-0.8015;62.824
240729;-0.7660;0.0000;0.4386;-34.351;31.221;59.389
240774;-0.8282;0.0214;0.3909;-33.969;20.916;56.718
240819;-0.7844;0.0218;0.4618;-25.344;13.588;49.313
240864;-0.7841;0.0424;0.4740;-17.099;13.511;35.954
240909;-0.7891;0.0265;0.4828;-0.4275;25.573;25.802
240954;-0.8036;0.0227;0.4848;-0.0305;-0.1832;23.740
240999;-0.7205;0.0000;0.5419;0.1603;-0.6641;12.672
241044;-0.7574;0.0000;0.4995;0.1450;0.5496;0.6794
241089;-0.7252;0.0465;0.5417;-0.4275;-0.1221;0.3053
241134;-0.7509;0.0297;0.5317;-0.2977;0.9389;-0.7481
241179;-0.7658;0.0299;0.5198;-0.2672;-13.282;-0.9771
241224;-0.7727;0.0000;0.5378;0.0458;-32.061;-12.824
241269;-0.7395;0.0446;0.5311;0.4504;-40.534;-15.115
241314;-0.7509;0.0402;0.5266;0.1221;-61.069;-22.824
241359;-0.7621;0.0000;0.5610;0.1374;-71.527;-22.290
241404;-0.7297;0.0000;0.6149;0.4198;-87.786;-24.427
241449;-0.7355;0.0000;0.6239;0.9847;-89.924;-30.458
241494;-0.7234;0.0000;0.6060;0.9695;-113.130;-32.977
241539;-0.7175;-0.0283;0.6503;12.595;-146.718;-40.000
241584;-0.6306;-0.0487;0.6726;17.863;-173.817;-40.076
241629;-0.5561;-0.0713;0.7314;20.076;-190.229;-42.290
241674;-0.4512;-0.0698;0.8320;22.519;-148.244;-47.939
241719;-0.4547;-0.0807;0.8642;24.198;-111.145;-49.618
241764;-0.4172;-0.0707;0.9200;32.824;-57.176;-45.725
241809;-0.4655;-0.0761;0.8804;33.740;-64.656;-39.160
241854;-0.4051;-0.0533;0.9399;31.603;-70.076;-25.344
241899;-0.3735;0.0000;0.9475;24.656;-71.756;-22.137
241944;-0.3450;0.0000;0.9774;19.542;-43.053;-13.893
241989;-0.3604;0.0000;0.9542;12.366;-28.321;-0.8931
242034;-0.3452;0.0000;0.9685;0.9237;-0.4351;-0.0382
242079;-0.3700;0.0000;0.9565;0.0076;-0.8321;0.6641
242124;-0.3624;-0.0257;0.9759;-0.0916;12.290;14.580
242169;-0.4156;-0.0391;0.9592;-0.1374;13.817;14.885
242214;-0.4264;-0.0332;0.9484;-0.2672;0.3282;15.038
242259;-0.4111;-0.0454;0.9585;-0.4809;0.9313;14.656
242304;-0.4047;-0.0422;0.9469;-0.8931;22.214;12.519
242349;-0.3882;-0.0525;0.9613;-13.435;47.710;11.832
242394;-0.4288;-0.0636;0.9435;-13.664;72.748;0.9313
242439;-0.4340;-0.0652;0.9294;-13.893;82.748;13.664
242484;-0.4498;-0.0653;0.9176;-16.183;102.977;12.214
242529;-0.4940;-0.0474;0.8880;-17.557;125.115;19.618
242574;-0.5250;-0.0227;0.8537;-26.260;134.046;23.206
242619;-0.5420;0.0380;0.9026;-40.763;163.130;15.802
242664;-0.5588;0.0000;0.8306;-55.954;196.565;-0.1221
242709;-0.5914;-0.0722;0.7548;-56.641;231.221;0.0153
242754;-0.6765;-0.1503;0.6326;-39.466;238.015;-0.5191
242799;-0.8008;-0.1644;0.4266;-36.794;149.542;0.2977
242844;-0.7153;-0.1568;0.4897;-40.763;62.748;0.4885
242889;-0.6744;-0.1305;0.4855;-26.031;122.061;0.6260
242934;-0.7075;-0.1280;0.3909;-15.725;153.053;0.2672
242979;-0.8790;-0.0956;0.2218;-0.9542;128.550;0.5115
243024;-0.8445;-0.0769;0.2690;-28.168;34.198;15.191
243069;-0.9081;-0.0411;0.2869;-14.809;49.847;15.267
243114;-0.8998;0.0000;0.2440;-27.099;-0.7405;17.557
243159;-0.8603;-0.0223;0.3678;-23.740;0.3435;11.908
243204;-0.8399;0.0000;0.3454;-10.687;45.802;0.8855
243249;-0.9111;-0.0334;0.2807;0.2290;48.397;0.3588
243294;-0.8621;-0.0461;0.3205;-0.5344;0.2214;0.5954
243339;-0.8359;-0.0516;0.3014;-0.0458;0.0992;0.2519
243384;-0.8027;-0.0620;0.3760;-0.3359;13.130;0.1069
243429;-0.8406;-0.0618;0.3055;0.1756;35.038;-0.0916
243474;-0.8246;-0.0596;0.2884;0.0076;12.519;-0.3893
243519;-0.8234;-0.0427;0.2751;-0.0840;-0.9389;-0.7405
243564;-0.7754;-0.0345;0.3237;-0.4427;-15.725;-0.8321
243609;-0.7724;-0.0580;0.3543;0.0305;17.557;-12.595
243654;-0.7765;-0.0707;0.3332;-0.7710;0.6947;-0.7023
243699;-0.7653;-0.0629;0.3559;-0.4046;29.008;-0.7252
243744;-0.8027;-0.0662;0.3008;-0.5496;17.557;-0.4427
243789;-0.7806;-0.0877;0.3682;-0.7863;13.130;-0.6031
243834;-0.8021;-0.0811;0.3116;-0.7252;17.634;-0.6412
243879;-0.8107;-0.1008;0.3224;-0.9542;0.2366;-0.8015
243924;-0.7868;-0.0886;0.3542;-0.8626;0.4198;-0.3893
243969;-0.7945;-0.0914;0.3420;-0.2519;36.031;-0.7176
244014;-0.8536;-0.0928;0.2341;-0.5191;10.229;-0.4198
244059;-0.7995;-0.0872;0.3111;-11.450;-24.122;-0.1756
244104;-0.7901;-0.1102;0.3360;-0.1908;16.794;-0.1221
244149;-0.8394;-0.1064;0.2667;-0.4198;0.0916;-0.0458
244194;-0.8026;-0.0959;0.3003;-0.5878;-0.8550;0.0992
244239;-0.8238;-0.0918;0.3289;-0.0534;0.7023;0.1374
244284;-0.8311;-0.0877;0.2919;0.0458;-0.1603;0.0992
244329;-0.8119;-0.0947;0.3000;0.0153;0.0076;0.0916
244374;-0.8303;-0.0934;0.3227;-0.0229;0.2672;0.0458
244419;-0.8294;-0.0978;0.3189;-0.0229;-0.1908;0.1374
244464;-0.8087;-0.0902;0.3154;0.0763;-0.2137;0.0916
244509;-0.8264;-0.0906;0.3235;0.1298;0.6107;0.0840
244554;-0.8320;-0.0970;0.3094;-0.0229;-0.1374;-0.2290
244599;-0.8151;-0.0855;0.3109;-0.1145;-0.2595;-0.1374
244644;-0.8090;-0.0876;0.3259;-0.3053;0.0992;-0.3130
244689;-0.8067;-0.0995;0.3169;-0.2366;0.4733;-0.3893
244734;-0.8030;-0.1035;0.3088;-0.0534;-0.3359;-0.1832
244779;-0.7736;-0.1127;0.3404;0.2519;10.534;-0.2366
244824;-0.7852;-0.1206;0.3205;12.672;36.336;-0.3511
244869;-0.7958;-0.1193;0.2712;15.725;34.962;-0.3588
244914;-0.7927;-0.0915;0.2685;14.351;32.519;-0.3817
244959;-0.7936;-0.0799;0.2353;13.359;41.221;-0.2443
245004;-0.8314;-0.0790;0.1821;13.664;41.145;-0.3817
245049;-0.8237;-0.0849;0.1257;0.5649;0.8550;-0.8015
245094;-0.7838;-0.1089;0.1713;-0.0458;-12.595;-60.382
245139;-0.9315;-0.1645;0.2060;12.824;63.664;-37.863
245184;-0.9102;-0.1328;0.0249;0.6641;0.9542;-51.527
245229;-10.369;-0.2095;0.2087;-0.2214;-60.305;-0.8626
245274;-0.8710;-0.1822;0.1973;12.443;0.0916;-0.4122
245319;-0.9689;-0.1612;0.1459;0.4122;-50.153;-0.6641
245364;-0.8408;-0.1849;0.2837;-0.0840;-48.626;0.1832
245409;-0.8760;-0.1904;0.2095;0.3740;12.443;-0.4809
245454;-0.8915;-0.2001;0.2032;-0.3817;-0.8015;-0.3740
245499;-0.8815;-0.2004;0.2096;-0.4580;-0.9237;-0.4122
245544;-0.8896;-0.2041;0.2299;0.2137;0.6107;-0.5267
245589;-0.9236;-0.1749;0.1872;0.2824;-0.5267;-0.3588
245634;-0.9216;-0.1626;0.2259;-0.0916;-11.756;-0.5191
245679;-0.9240;-0.1686;0.2141;-0.1527;0.1145;-0.8626
245724;-0.9562;-0.2078;0.2145;0.0992;0.0000;-11.450
245769;-0.9417;-0.2043;0.2140;0.1069;-15.038;-11.908
245814;-0.9288;-0.2270;0.2414;0.3664;-18.779;-12.595
245859;-0.9431;-0.2341;0.2452;0.8779;-19.313;-11.298
245904;-0.9223;-0.2415;0.2607;0.6641;-35.802;-11.374
245949;-0.9117;-0.2546;0.2867;0.6336;-15.649;-12.137
245994;-0.9368;-0.2679;0.2814;0.3359;-19.313;-11.832
246039;-0.9267;-0.2776;0.3158;0.4351;-22.290;-0.8626
246084;-0.9295;-0.2643;0.3045;0.5038;-17.099;-0.8397
246129;-0.9350;-0.2584;0.3274;0.4809;-19.924;-0.9008
246174;-0.9125;-0.2565;0.3331;0.3511;-15.115;-0.9084
246219;-0.9302;-0.2726;0.3545;0.2290;-14.504;-0.6641
246264;-0.9055;-0.2657;0.3508;0.2977;-13.053;-0.2595
246309;-0.9237;-0.2664;0.3412;0.5038;-0.1756;-0.0611
246354;-0.9296;-0.2596;0.3354;0.5649;-0.5496;0.3359
246399;-0.9374;-0.2692;0.3544;0.4122;-0.8092;0.4504
246444;-0.9391;-0.2709;0.3616;0.2595;-0.2595;0.4733
246489;-0.9460;-0.2501;0.3499;0.2824;-0.2061;0.4198
246534;-0.9416;-0.2588;0.3494;0.0611;-0.0076;0.5115
246579;-0.9422;-0.2540;0.3433;0.1374;0.0305;0.4275
246624;-0.9489;-0.2596;0.3636;-0.0763;-0.2214;0.3664
246669;-0.9449;-0.2516;0.3503;-0.0916;0.3969;0.1679
246714;-0.9531;-0.2548;0.3476;-0.1221;0.1145;0.1298
246759;-0.9376;-0.2543;0.3522;-0.0458;0.0611;0.0687
246804;-0.9476;-0.2468;0.3478;0.0458;0.1450;0.0992
246849;-0.9573;-0.2511;0.3432;0.0916;0.2137;0.1145
246894;-0.9496;-0.2389;0.3221;0.0992;-0.1221;0.2519
246939;-0.9373;-0.2386;0.3545;0.0076;-0.0458;-0.1145
246984;-0.9457;-0.2589;0.3485;0.1374;0.7710;-0.0992
247029;-0.9577;-0.2610;0.3241;0.0305;-0.6183;0.1298
247074;-0.9404;-0.2454;0.3367;0.2595;-0.0611;0.0076
247119;-0.9503;-0.2555;0.3472;0.0840;-0.6794;-0.2901
247164;-0.9305;-0.2624;0.3438;0.2672;-0.0992;-0.3511
247209;-0.9555;-0.2481;0.3492;0.3588;-0.1527;-0.2366
247254;-0.9492;-0.2569;0.3544;0.4046;-0.9466;-0.2977
247299;-0.9326;-0.2665;0.3648;0.5115;-0.5802;-0.2672
247344;-0.9502;-0.2578;0.3687;0.5115;-0.3053;-0.2901
247389;-0.9505;-0.2450;0.3457;0.2290;-0.3588;-0.3053
247434;-0.9362;-0.2443;0.3534;0.2901;-0.3359;-0.4275
247479;-0.9417;-0.2558;0.3536;0.4809;-0.2061;-0.1527
247524;-0.9285;-0.2450;0.3687;0.2977;-0.9084;-0.1450
247569;-0.9234;-0.2427;0.3732;0.1832;0.0611;0.1221
247614;-0.9398;-0.2523;0.3766;-0.1527;0.7710;-0.1069
247659;-0.9460;-0.2593;0.3473;-0.0534;10.153;0.0382
247704;-0.9633;-0.2560;0.3319;0.0840;-0.0382;0.1221
247749;-0.9572;-0.2676;0.3235;0.7939;-0.5115;0.3817
247794;-0.9685;-0.2964;0.2969;26.947;-0.0916;11.679
247839;-0.9900;-0.3434;0.2384;60.611;-26.260;25.191
247884;-0.9823;-0.2206;0.2545;83.053;-61.145;29.695
247929;-0.9916;-0.2046;0.2681;50.611;-123.053;0.4733
247974;-0.8657;-0.2104;0.4360;53.969;-14.351;-0.2977
248019;-10.908;-0.2136;0.2309;44.885;-67.481;-22.290
248064;-0.9734;-0.2402;0.4434;44.275;-169.618;-0.5878
248109;-0.8797;-0.2139;0.5487;58.092;-129.389;-13.511
248154;-0.9050;-0.2709;0.5731;56.489;-129.389;-13.435
248199;-0.8404;-0.2450;0.6025;57.328;-97.481;-12.672
248244;-0.8748;-0.2374;0.6163;58.397;-110.076;-0.8702
248289;-0.8505;-0.2037;0.6438;55.344;-116.870;-0.5191
248334;-0.8025;-0.2090;0.6951;49.924;-103.511;-0.7710
248379;-0.7690;-0.2035;0.7305;53.511;-58.702;-11.298
248424;-0.8362;-0.1974;0.6764;51.679;-82.519;-18.092
248469;-0.7296;-0.1738;0.8109;38.092;-63.053;-12.977
248514;-0.7229;-0.1347;0.8134;20.229;-0.7176;-28.550
248559;-0.7195;-0.1361;0.8483;-0.4198;72.061;-33.664
248604;-0.7482;-0.1462;0.7586;-19.771;185.878;-45.802
248649;-0.9219;-0.1977;0.6203;-27.863;191.985;-58.397
248694;-10.070;-0.2298;0.4859;-35.344;125.725;-70.153
248739;-0.9528;-0.2686;0.5575;-46.031;117.786;-85.725
248784;-0.9986;-0.3543;0.4082;-51.298;130.687;-105.038
248829;-10.136;-0.4147;0.3167;-60.992;97.710;-116.336
248874;-0.9997;-0.4884;0.2734;-44.351;89.542;-108.397
248919;-0.8951;-0.5334;0.2734;-55.573;67.939;-88.015
248964;-0.8943;-0.6525;0.2472;-29.542;183.359;-91.069
249009;-0.9868;-0.6857;0.0239;-19.389;139.389;-74.351
249054;-0.9837;-0.7415;0.0387;-18.931;95.649;-65.725
249099;-0.9044;-0.7182;0.0481;-28.244;105.115;-56.260
249144;-0.9127;-0.7266;0.0334;-27.252;180.382;-59.924
249189;-0.8752;-0.7955;-0.1994;-37.481;167.023;-59.084
249234;-0.8286;-0.8204;-0.1793;-42.061;166.947;-42.519
249279;-0.1678;-0.6448;-0.2633;-23.969;290.076;-80.534
249324;-0.4119;-0.8510;-0.5007;12.901;372.977;-106.641
249369;-0.2216;-0.9029;-0.7910;21.832;289.466;-70.000
249414;-0.2673;-0.9367;-0.7711;0.8702;213.511;-86.641
249459;0.0000;-0.9332;-0.7907;-30.992;130.916;-35.573
249504;-0.0209;-0.9480;-0.7503;-14.733;79.237;-59.389
249549;0.1332;-0.9402;-0.6777;-35.725;91.527;-18.015
249594;0.1805;-0.9415;-0.6692;-15.725;63.206;-49.313
249639;0.0834;-0.9453;-0.7824;-13.130;71.756;-29.466
249684;0.2869;-0.8216;-0.8492;-51.298;0.7252;-38.244
249729;0.0801;-0.8920;-0.6880;-41.145;-29.618;-15.191
249774;0.2635;-0.8146;-0.5452;-22.214;-0.5038;-14.427
249819;0.0609;-0.8282;-0.7598;19.847;-17.557;10.153
249864;0.1860;-0.7856;-0.6526;-0.8855;-19.924;-0.9466
249909;0.1501;-0.7773;-0.6398;21.221;-28.473;-0.1679
249954;0.0215;-0.8190;-0.7232;12.519;-41.298;26.260
249999;0.1559;-0.7729;-0.6929;-0.0687;-62.137;50.840
250044;0.0491;-0.8658;-0.6724;23.740;-42.366;0.2290
250089;0.0458;-0.8255;-0.7641;15.649;-35.725;19.389
250134;-0.0682;-0.9352;-0.5867;12.595;-72.290;17.863
250179;0.0355;-0.8436;-0.8167;77.863;-77.252;69.695
250224;-0.2114;-0.9633;-10.347;61.145;-150.534;64.962
250269;-0.1305;-10.350;-0.6710;-0.4046;-238.626;113.664
250314;-0.2924;-0.9883;-0.8847;17.252;-256.718;146.031
250359;-0.3662;-0.9003;-0.8790;-27.481;-319.695;193.053
250404;-0.5167;-0.8058;-0.7884;-46.260;-389.771;122.672
250449;-0.7137;-0.8161;-0.0914;23.893;-377.176;85.573
250494;-0.9791;-0.7541;-0.3069;87.786;-383.969;119.847
250539;-0.6195;-0.6248;-0.5950;172.290;-523.817;105.802
250584;-0.4450;-0.4111;0.6712;126.183;-464.504;23.359
250629;-0.5082;-0.1397;0.7692;80.153;-345.344;100.992
250674;-0.5597;-0.2797;0.9576;80.305;-239.313;-0.4580
250719;-0.4743;-0.3808;10.784;120.916;-192.443;37.328
250764;-0.3541;0.1263;0.9938;98.702;-152.290;-47.023
250809;-0.4179;-0.3759;11.803;90.611;-55.344;-97.252
250854;-0.5747;-0.1735;11.495;53.511;-53.053;-40.305
250899;-0.5306;-0.6296;11.759;40.382;-75.725;32.137
250944;-0.4586;-0.7003;12.538;114.809;-100.458;42.519
250989;-10.701;-0.2718;0.3327;0.9313;17.863;-44.656
251034;-0.2712;0.3272;12.045;16.412;65.573;-124.580
251079;-0.5433;0.0845;10.621;0.0305;77.710;-84.046
251124;-0.6000;-0.5437;10.429;-60.305;139.389;-69.466
251169;-0.8008;-0.8113;0.9921;34.885;62.748;-103.817
251214;-11.968;-10.278;0.5147;43.359;12.672;40.763
251259;-0.4449;0.7707;0.9349;18.397;10.992;-97.176
251304;-0.7091;0.1017;12.190;-54.656;18.168;-43.359
251349;-10.969;-0.6357;0.8602;-99.160;139.237;-29.237
251394;-0.9300;-0.7638;0.6550;51.832;-94.046;-13.817
251439;-0.8356;-0.4853;0.9931;27.023;-22.519;30.534
251484;-0.8241;-0.3626;0.9170;41.069;-40.076;-46.183
251529;-0.8195;-0.5818;0.8414;10.611;-117.405;16.031
251574;-0.5006;-0.7150;11.680;61.221;109.695;74.809
251619;-0.8549;0.2826;0.4923;-14.122;57.023;-42.061
251664;-11.007;-0.4129;0.9707;-41.908;98.244;0.2137
251709;-11.589;-0.4248;0.8241;-27.405;0.3969;72.519
251754;-0.4692;0.0000;0.9830;-84.122;84.656;51.374
251799;-0.7447;-0.1215;0.9750;-125.191;129.466;-33.053
251844;-0.7003;-0.2521;0.8703;-91.679;116.947;-175.802
251889;-0.6198;-0.1938;0.8061;-173.435;242.672;-184.122
251934;-0.7490;-0.6863;0.5527;-169.847;316.260;-211.603
251979;-0.6597;-0.6667;0.4601;-225.573;341.603;-154.275
252024;-0.7752;-0.9007;-0.1801;-159.466;358.397;-215.725
252069;-0.7255;-0.7800;-0.1606;-170.916;253.817;-173.053
252114;-0.6863;-0.8200;-0.2460;-244.427;315.114;-111.756
252159;-0.3697;-0.9831;-0.3037;-110.611;268.626;-195.802
252204;0.0451;-0.7713;-0.3905;-172.672;278.550;-136.031
252249;0.0395;-0.9199;-0.7282;-156.336;319.771;-138.626
252294;0.3001;-0.7735;-0.5679;-183.359;314.656;-80.382
252339;0.6398;-0.5438;-0.5831;-144.809;397.786;-71.221
252384;0.8572;-0.4631;-0.6196;-120.458;352.214;-117.252
252429;0.7845;-0.7013;-0.7717;-75.115;280.229;-67.634
252474;0.8892;-0.4323;-0.7738;-61.069;174.275;-42.748
252519;0.8507;-0.6100;-0.5115;-59.237;57.252;-22.214
252564;0.7874;-0.4805;-0.4732;-30.763;-0.7939;-0.0229
252609;0.8721;-0.4469;-0.1594;-23.664;-0.0763;-0.3893
252654;0.6995;-0.5099;-0.3150;-16.870;0.6489;-0.2137
252699;0.7614;-0.4001;-0.2444;-24.351;-17.939;26.412
252744;0.6849;-0.4388;-0.2186;-40.840;-29.542;30.840
252789;0.6839;-0.4440;-0.3185;-30.763;-40.840;34.962
252834;0.7220;-0.3070;-0.2819;-49.771;-87.099;38.626
252879;0.7711;-0.3060;-0.2940;-39.618;-90.000;15.191
252924;0.7280;-0.3526;-0.7377;-46.641;-116.489;-0.3282
252969;0.7719;-0.1990;-0.7276;-98.092;-199.542;16.565
253014;13.815;-0.7205;17.507;-20.076;-26.107;-0.5573
253059;0.7894;-0.1302;-0.7116;20.076;-30.611;47.710
253104;0.7503;-0.2627;-0.6720;-184.351;-265.954;24.427
253149;0.6984;-0.1357;-0.0791;-143.282;-247.023;48.321
253194;0.2425;-0.0945;-11.912;-107.786;-412.901;-12.137
253239;0.4808;0.0000;-0.4259;-151.756;-298.244;-108.702
253284;0.1498;-0.1282;-0.2603;-117.710;-387.328;-124.962
253329;0.1359;-0.1097;-0.1220;-49.466;-488.931;-170.382
253374;0.0408;-0.0589;0.1323;-47.328;-459.160;-202.595
253419;-0.0894;-0.3856;0.1491;-37.252;-495.191;-193.664
253464;-0.0250;-0.5086;0.3605;-79.695;-589.466;-145.725
253509;-0.0449;-0.6534;0.9117;-137.863;-555.496;-16.260
253554;-0.0851;-0.5999;0.8771;-311.985;-195.191;33.053
253599;-0.2280;-0.8045;0.9468;-230.916;-172.061;-99.695
253644;-0.1256;-0.8469;0.9985;-111.985;-295.802;-159.008
253689;0.2748;-11.142;16.042;-68.244;-350.000;-145.420
253734;0.4250;-13.247;20.675;53.740;-166.870;-139.237
253779;0.0862;-11.233;19.894;93.740;-45.191;-83.893
253824;-0.0389;-10.409;18.559;106.565;-13.435;-41.603
253869;0.0345;-0.8126;19.639;139.695;34.656;-92.137
253914;-0.0371;-0.7506;17.862;156.031;168.473;-116.031
253959;-0.1305;-0.6785;18.089;90.153;205.802;-79.237
254004;-0.2565;-0.6976;16.023;83.893;269.160;-52.214
254049;-0.1432;-0.5016;14.444;71.756;286.489;-38.397
254094;0.0000;-0.3486;15.206;81.756;408.626;-41.145
254139;-0.1777;-0.2757;0.8283;85.344;541.603;-127.176
254184;-0.5035;-0.5965;0.3462;71.985;504.351;-160.916
254229;-0.4177;-0.6524;0.1591;44.275;514.885;-139.771
254274;-0.5684;-0.6577;-0.1457;-31.221;569.618;-66.641
254319;-0.0201;-0.6374;0.0762;-86.565;680.687;-21.908
254364;0.3317;-0.2005;-0.3662;-97.252;780.305;-93.511
254409;0.3082;-0.1091;-0.3527;-80.840;311.527;-85.344
254454;0.3483;-0.8018;-0.4490;0.6947;306.489;-88.092
254499;0.3647;-0.6144;-0.5358;30.000;265.420;-38.397
254544;0.4448;-0.3783;-0.0435;-21.450;148.321;0.5115
254589;0.4459;-0.4766;0.1954;60.840;18.702;-50.305
254634;0.5444;-0.4606;-0.1369;58.473;168.473;-32.137
254679;0.9515;-0.4854;-0.4898;0.9695;220.153;18.321
254724;11.204;-0.4600;-0.3008;-42.366;203.511;23.817
254769;10.128;-0.5190;-0.1840;-0.5115;104.962;-10.076
254814;10.046;-0.5785;-0.1727;0.6336;12.519;-13.817
254859;10.478;-0.4999;-0.1099;-18.779;0.9466;-20.000
254904;0.9645;-0.4673;-0.0975;-33.740;0.5496;-0.5496
254949;0.9645;-0.5154;-0.1563;-17.710;-27.328;-0.5725
254994;0.9085;-0.5270;-0.2105;-0.5420;-35.878;-23.053
255039;10.963;-0.4307;-0.5585;-45.344;-48.168;-51.603
255084;0.9194;-0.4280;-0.2829;-88.244;-32.977;-97.023
255129;0.8963;-0.1021;-0.1846;-86.031;-41.298;-113.206
255174;0.6843;-0.0492;-0.0623;-45.420;-77.176;0.9160
255219;0.8846;0.0000;-0.2534;42.061;-130.916;42.824
255264;0.9177;-0.4088;-0.4608;35.725;-191.221;144.656
255309;0.6550;-0.5179;-0.8523;45.496;-232.061;22.672
255354;0.8254;-0.1023;-0.7765;-23.435;-359.389;-0.1145
255399;10.493;0.0870;-0.5327;-240.305;-552.443;-89.084
255444;0.4072;-0.1939;0.0000;-108.550;-401.374;-116.183
255489;0.1807;-0.1313;-0.3693;-130.229;-437.099;-133.359
255534;0.2850;-0.2298;-0.2699;-270.611;-578.473;-116.947
255579;0.1942;-0.4199;0.4131;-314.580;-492.595;-182.595
255624;-0.3117;-0.5925;0.4020;-148.473;-276.260;-236.412
255669;-0.1166;-0.4198;0.3757;-73.969;-324.885;-172.824
255714;0.3792;-0.4360;0.8032;-53.664;-348.015;-234.886
255759;0.0000;-0.8172;0.7703;-92.443;-215.114;-292.061
255804;-0.0380;-0.9983;0.8099;-85.038;-249.084;-266.794
255849;0.1770;-0.7821;10.309;-20.076;-225.267;-273.511
255894;0.4037;-0.9905;0.7572;-53.130;-263.893;-311.527
255939;0.5401;-12.371;12.607;-31.527;-210.000;-283.435
255984;0.5403;-12.037;12.697;48.321;-146.183;-244.198
256029;0.7391;-11.880;11.466;-40.458;-201.679;-129.771
256074;0.9108;-17.374;23.396;98.015;-89.389;-236.183
256119;10.833;-14.933;20.751;40.687;-119.847;-110.382
256164;0.8667;-15.127;20.573;-0.2977;-96.565;-107.863
256209;0.5456;-11.076;19.035;71.603;60.534;46.565
256254;0.4573;-0.8407;12.943;16.947;14.504;-13.282
256299;0.5291;-0.9859;19.283;-0.6336;-33.282;-56.412
256344;0.5740;-0.9917;16.645;100.382;107.557;-55.725
256389;0.6348;-10.085;22.016;151.374;174.504;-24.351
256434;0.7502;-0.7814;17.317;188.473;405.267;-15.420
256479;0.5304;-0.5542;17.051;15.878;403.435;20.305
256524;0.3008;-0.3353;16.729;110.229;383.969;-0.5420
256569;0.2003;-0.3232;16.254;166.565;476.794;-70.000
256614;-0.1390;-0.3351;0.6231;128.779;384.885;79.008
256659;-0.3726;0.0361;11.084;-22.443;359.008;-61.298
256704;-0.5319;-0.2377;0.4950;-16.183;517.710;-168.092
256749;-0.2592;-0.6775;0.4285;-106.107;441.145;-135.038
256794;-0.2993;-0.5472;0.4609;-40.000;413.969;-128.015
256839;0.0895;-0.2790;0.0690;56.336;523.435;-150.153
256884;0.4761;-0.4207;0.0838;-64.275;557.710;-182.595
256929;0.8870;-0.6942;-0.0647;27.939;599.771;-144.427
256974;0.9548;-0.3955;-0.7595;-66.489;473.511;-154.504
257019;10.648;-0.6630;-0.1549;-41.145;354.809;-147.634
257064;12.155;-0.4150;-0.7149;-0.8702;383.130;-96.260
257109;13.240;-0.5120;-0.5214;-0.1145;243.206;-74.733
257154;12.847;-0.8716;-0.2646;-0.3588;202.214;-48.473
257199;11.850;-0.7287;-0.3564;0.6947;182.137;-10.229
257244;12.618;-10.120;0.1541;-0.7252;175.038;70.382
257289;11.427;-0.6338;-0.2237;-68.244;140.534;72.443
257334;10.918;-0.6934;-0.0212;-107.252;-0.4962;34.275
257379;12.121;-0.5580;-0.2462;-143.435;-113.664;34.809
257424;13.799;-0.7169;-0.2426;-180.534;-255.038;38.550
257469;14.424;-0.1057;-0.4469;-106.794;-348.092;73.511
257514;16.166;0.1102;-0.4894;-112.061;-526.794;-31.985
257559;15.665;-0.1061;0.2093;-41.527;-536.489;-62.824
257604;11.545;-0.1286;-0.1190;38.626;-485.878;-99.618
257649;0.8363;-0.0293;-0.1123;-50.076;-557.786;-220.153
257694;0.7213;-0.4384;0.1576;-57.634;-485.191;-289.771
257739;0.0983;-15.806;0.6952;-44.733;-356.794;-239.084
257784;-0.3250;-14.394;-0.2664;-58.931;-389.771;-228.702
257829;-0.3339;-14.064;0.1062;-151.527;-422.061;-277.710
257874;-0.3244;-15.493;0.2297;-101.756;-292.901;-353.817
257919;-0.2195;-19.819;0.6232;-42.672;-231.985;-279.618
257964;-0.4892;-14.430;0.6670;-40.611;-274.962;-286.336
258009;-0.2715;-15.662;0.7930;-138.550;-301.603;-260.382
258054;0.2234;-15.917;19.665;130.534;-158.779;-318.397
258099;0.0000;-20.588;17.244;276.260;48.168;-349.313
258144;-0.0815;-19.428;11.063;376.947;78.397;-244.046
258189;0.0425;-19.209;11.591;366.718;-11.756;-35.420
258234;0.1277;-12.455;0.8035;268.244;-156.260;-19.542
258279;0.3484;-0.9322;10.547;186.565;-235.725;100.534
258324;0.4463;-10.312;18.183;133.588;-150.305;111.985
258369;0.5931;-10.904;14.900;60.305;79.237;106.794
258414;0.6232;-0.9570;14.507;0.7557;-115.267;79.237
258459;0.6158;-0.7667;16.868;0.7634;-48.779;39.160
258504;0.3894;-0.9523;15.627;-10.916;15.725;0.9924
258549;0.5739;-0.8096;16.824;37.176;85.344;25.191
258594;0.4662;-0.7356;20.652;24.351;75.115;-15.115
258639;0.4723;-0.8575;17.085;69.084;212.824;-61.908
258684;0.3677;-0.8140;17.629;64.046;192.672;-78.702
258729;0.4090;-0.8077;15.864;-0.3969;297.023;-85.496
258774;0.2984;-0.8746;18.910;-0.2214;306.031;-65.802
258819;0.2475;-0.8429;16.978;-72.824;369.389;-24.351
258864;0.3460;-0.7383;16.614;-24.275;473.511;-37.786
258909;0.2198;-11.593;10.685;27.328;582.977;-56.718
258954;0.1491;-12.123;10.061;37.405;506.412;-37.786
258999;0.7279;-13.555;0.6996;120.687;664.504;-64.275
259044;10.890;-10.798;0.1088;57.405;661.145;-99.389
259089;12.642;-11.086;-0.7517;41.679;616.031;-127.786
259134;10.287;-10.044;-0.8195;104.427;472.519;-126.489
259179;12.495;-0.7497;-0.9169;27.557;403.359;-182.748
259224;13.531;-13.241;-12.415;44.656;367.786;-157.328
259269;11.093;-13.380;-13.330;34.198;239.695;-134.656
259314;12.144;-13.613;-0.8762;-29.237;98.168;-95.802
259359;10.963;-12.388;-0.3840;-70.534;38.931;-71.221
259404;10.063;-10.806;-0.4301;-79.771;73.206;-77.786
259449;0.9780;-10.938;-0.4105;-91.145;0.0000;-36.489
259494;10.365;-10.690;-0.4683;-109.695;-79.084;-20.992
259539;11.543;-0.9716;-0.7031;-162.672;-240.458;-26.107
259584;11.738;-0.8241;-0.5732;-158.702;-377.176;-28.015
259629;10.439;-0.6802;-0.4008;-215.267;-469.695;-49.389
259674;0.6686;-0.5660;-0.2943;-150.000;-428.092;-39.618
259719;0.5125;-0.1955;-0.1752;-226.565;-459.924;-119.008
259764;0.4723;-0.5704;0.0000;-185.344;-571.298;-184.656
259809;0.3250;-0.5711;0.1446;-147.481;-591.145;-178.626
259854;0.4370;-10.348;0.7088;-130.305;-535.573;-166.260
259899;0.4271;-12.308;0.7017;-158.321;-615.038;-179.466
259944;0.5492;-13.274;11.573;-206.794;-587.634;-155.802
259989;0.5002;-11.457;17.431;-75.954;-546.412;-180.840
260034;0.4206;-12.612;22.712;-70.458;-385.115;-152.290
260079;0.2990;-14.068;22.596;-68.855;-286.565;-110.763
260124;0.2300;-12.723;23.396;28.397;-139.847;-75.038
260169;0.3018;-13.523;23.396;41.832;53.282;-62.824
260214;0.2278;-11.813;21.189;128.550;151.069;-33.817
260259;0.1807;-10.323;20.677;132.061;148.550;-26.031
260304;0.4324;-0.9890;21.738;129.008;270.000;-46.260
260349;0.3670;-0.8191;19.574;52.672;347.863;-36.565
260394;0.4152;-0.9215;18.327;62.290;430.153;-27.176
260439;0.3531;-0.9069;14.181;-0.9084;496.183;33.435
260484;0.5535;-0.6504;12.814;31.908;529.618;79.542
260529;0.7204;-0.5181;10.300;62.214;628.244;73.740
260574;10.419;-0.3998;0.5812;19.160;704.122;40.000
260619;14.468;-0.3296;0.5359;54.046;731.145;0.0229
260664;18.950;-0.0988;0.1567;77.634;747.710;-64.122
260709;19.038;-0.6204;-0.4326;177.634;895.878;-118.550
260754;19.038;-0.5561;-0.8505;28.015;514.733;-99.695
260799;19.038;-0.5450;-10.219;90.992;425.573;-68.550
260844;19.038;-0.5184;-16.603;-190.229;175.191;-91.221
260889;15.429;-0.9558;-0.1950;44.427;-41.756;0.1756
260934;13.386;-0.6049;0.1278;20.534;-0.0840;17.328
260979;12.698;-0.6210;-0.2731;-11.298;-40.763;-0.2901
261024;13.414;-0.6537;-0.3021;-83.969;-145.191;0.4733
261069;15.087;-0.5002;-0.3659;-44.046;-224.122;17.405
261114;16.157;-0.4303;-0.6453;-125.496;-355.649;-17.710
261159;16.113;-0.5131;-0.4528;-137.863;-572.977;-53.053
261204;14.126;-0.4130;-0.0549;-185.114;-606.718;-71.679
261249;10.093;-0.2781;-0.0473;-137.710;-605.267;-92.290
261294;0.9638;-0.4524;0.1505;-117.481;-660.840;-123.282
261339;0.9260;-0.5340;0.6385;-149.008;-656.870;-155.496
261384;0.7507;-0.6660;0.5927;-163.511;-598.244;-199.924
261429;0.9219;-0.9563;0.7737;-218.092;-617.099;-238.702
261474;12.185;-14.484;10.330;-271.603;-624.656;-237.939
261519;12.318;-22.480;19.291;-116.870;-597.786;-219.847
261564;0.9265;-17.201;20.693;-131.603;-396.947;-98.092
261609;0.9687;-12.757;23.396;-58.092;-310.000;-85.649
261654;0.7074;-14.442;23.396;-0.3817;-182.519;-74.351
261699;0.5538;-14.900;23.396;20.763;16.412;-28.626
261744;0.4315;-14.388;19.937;88.168;66.260;-10.153
261789;0.6101;-12.686;20.888;135.725;143.206;19.847
261834;0.7925;-11.615;18.984;152.824;239.542;0.8550
261879;0.7124;-0.9855;18.893;129.237;308.779;0.6031
261924;0.5261;-0.7518;14.910;90.687;367.939;-0.0305
261969;0.3879;-0.7024;13.730;47.099;354.122;0.9695
262014;0.2400;-0.7443;13.409;56.565;387.099;21.450
262059;0.2495;-0.5148;11.065;113.206;445.496;21.908
262104;0.0000;-0.5542;0.6901;80.382;423.817;21.145
262149;0.0000;-0.6293;0.8526;61.069;409.466;60.458
262194;0.2632;-0.5108;0.5370;84.656;502.595;40.305
262239;0.4791;-0.6224;0.4812;171.756;578.321;17.710
262284;0.9703;-0.4421;0.1785;78.092;609.542;-10.458
262329;16.735;-0.4427;0.3914;147.557;719.237;-70.076
262374;19.038;-0.6365;-0.4472;53.359;771.145;-134.580
262419;18.693;-0.3492;-0.7088;11.756;549.924;-88.244
262464;19.038;-0.6156;-0.9280;-118.244;363.130;-151.832
262509;16.805;-0.3818;-0.4368;-63.588;252.214;-49.618
262554;19.038;11.337;16.311;135.344;112.214;100.382
262599;13.229;-10.489;-0.4428;-0.9771;-24.580;-13.740
262644;11.932;-0.9332;-0.5465;81.679;-50.687;114.733
262689;12.139;-0.4338;-0.4632;20.916;-182.214;98.473
262734;13.135;-0.5970;-0.1051;-31.603;-241.908;92.901
262779;12.609;-0.4342;-0.4849;-0.9466;-247.939;96.870
262824;12.252;-0.5167;-0.5688;-55.573;-360.611;69.466
262869;11.227;-0.4032;-0.3964;-67.710;-433.435;53.893
262914;0.9578;-0.3484;-0.3152;-118.015;-482.137;18.397
262959;0.8180;-0.4082;-0.2584;-185.802;-485.038;-44.962
263004;0.6280;-0.3990;0.0220;-183.893;-527.176;-83.130
263049;0.5742;-0.5783;0.0976;-215.878;-544.427;-136.870
263094;0.5320;-0.7361;0.3118;-230.916;-580.458;-168.931
263139;0.6677;-10.014;0.5846;-289.160;-587.786;-223.817
263184;0.8167;-14.324;0.8071;-264.198;-552.519;-207.023
263229;0.9158;-17.131;11.412;-183.740;-579.847;-165.420
263274;12.322;-19.553;19.570;-151.832;-535.115;-161.985
263319;0.9880;-18.702;21.139;-154.198;-420.534;-153.588
263364;0.7128;-18.755;23.396;75.038;-276.718;-152.901
263409;0.5662;-15.620;23.396;36.870;-118.550;-77.328
263454;0.4374;-15.873;23.396;135.115;78.473;-36.794
263499;0.4989;-13.642;21.580;162.061;185.878;10.611
263544;0.6689;-12.025;20.773;188.092;280.763;18.168
263589;0.6843;-11.368;20.844;211.679;380.153;-0.6031
263634;0.6890;-0.9506;19.879;161.756;492.519;-0.6412
263679;0.7999;-0.6115;15.614;149.160;647.557;-29.313
263724;0.7406;-0.4979;12.120;79.389;708.397;-64.962
263769;0.9103;-0.4471;0.5937;58.015;826.412;-126.183
263814;0.5480;-0.6098;0.1366;32.443;754.885;-154.275
263859;0.4484;-0.6352;-0.1467;-16.107;579.466;-54.504
263904;0.6111;-0.6357;0.1557;68.779;525.878;-33.664
263949;12.241;-0.3646;-0.5470;0.3817;630.916;-112.595
263994;13.092;-10.514;-0.9859;-210.458;454.198;-82.519
264039;13.027;0.0342;-16.603;60.916;51.527;-75.191
264084;11.234;-0.7927;-0.9631;-69.771;-0.5496;-64.962
264129;0.8699;-0.5592;-12.558;-115.267;-80.305;-47.099
264174;0.7751;-0.5542;-0.8493;-167.863;-220.992;-15.954
264219;0.7161;-0.4472;-0.5821;-121.527;-263.817;31.221
264264;0.6360;-0.1949;-0.8548;-164.733;-354.885;21.298
264309;0.6958;0.0326;-0.5435;-215.038;-574.580;-123.435
264354;0.5905;-0.2081;-0.1158;-186.412;-661.069;-221.908
264399;0.6841;-0.4153;0.3295;-259.160;-702.061;-299.313
264444;0.8626;-0.9905;0.6877;-226.565;-750.840;-362.595
264489;0.8950;-16.261;11.954;-233.206;-702.977;-303.511
264534;0.8925;-12.853;11.230;-162.290;-630.382;-234.351
264579;0.9223;-14.781;12.362;-263.969;-494.580;-291.221
264624;0.7798;-19.715;18.620;74.198;-456.489;-233.282
264669;10.615;-14.416;23.180;154.275;-364.504;-120.687
264714;0.9470;-13.222;23.396;96.031;-25.115;-0.2824
264759;0.8949;-12.021;21.821;148.855;131.985;0.5496
264804;10.098;-14.787;23.396;29.008;230.916;49.771
264849;10.203;-10.774;19.124;-79.771;430.840;219.847
264894;0.7073;-11.915;0.9440;176.412;615.649;210.992
264939;0.0516;-0.5741;-0.2054;38.702;307.634;250.992
264984;-0.3358;-0.2840;0.2082;-64.733;-35.878;125.802
265029;-0.2927;-0.6659;0.9801;80.916;-132.137;-40.534
265074;-0.2807;-0.3713;11.725;-197.328;-137.863;0.1679
265119;-0.2917;-0.6399;13.674;-103.817;-109.542;-25.115
265164;-0.1344;-0.7497;15.961;-50.992;-84.275;-0.5725
265209;-0.0390;-0.8674;16.275;12.595;-63.511;-0.7481
265254;-0.0840;-0.8940;16.877;36.718;14.885;16.412
265299;-0.2472;-0.7224;14.127;43.740;62.443;17.939
265344;-0.3177;-0.6297;13.835;19.389;38.168;53.740
265389;-0.3850;-0.4199;13.285;-66.641;0.0076;53.817
265434;-0.1614;-0.5044;0.9670;-181.832;-76.870;26.489
265479;0.0000;-0.8245;0.9330;-312.061;-211.374;-51.298
265524;0.1833;-14.913;11.349;-422.290;-229.771;29.237
265569;0.0834;-13.387;14.473;-349.084;-168.092;161.069
265614;0.1920;-11.727;12.638;-284.198;99.695;125.802
265659;0.0377;-13.006;0.3597;-387.557;106.489;74.351
265704;0.0760;-14.487;0.1950;-389.695;-49.618;31.145
265749;-0.0478;-14.798;0.2378;-354.733;49.466;0.7634
265794;-0.0201;-13.993;-0.2664;-382.519;169.847;-40.916
265839;0.2092;-16.069;-0.5437;-265.114;-25.954;-100.076
265884;0.2108;-20.032;-0.3643;-139.618;40.229;-74.046
265929;0.2363;-19.908;-0.7128;-50.687;93.435;-42.748
265974;0.2415;-17.336;-0.6044;-22.443;-35.649;-13.893
266019;0.0000;-18.075;-0.3251;-14.580;-64.275;-12.214
266064;0.1389;-15.947;-0.1350;50.229;20.382;-28.092
266109;0.2142;-19.180;-0.1857;152.137;57.939;-17.710
266154;0.2011;-19.707;-0.0805;228.015;89.084;0.6489
266199;0.2657;-20.850;0.1777;316.336;119.160;18.015
266244;0.3264;-21.532;0.3230;420.458;183.969;124.580
266289;0.2832;-21.894;0.6028;508.092;197.023;197.710
266334;-0.5763;-25.073;0.9568;361.908;-82.366;58.473
266379;0.3596;-22.465;16.224;589.313;225.878;98.244
266424;0.1027;-21.564;10.456;566.336;186.870;152.824
266469;-0.3849;-19.158;14.237;613.206;126.260;182.748
266514;0.3375;-16.756;0.9787;676.947;99.160;277.786
266559;0.1566;-13.734;13.830;595.267;229.237;119.924
266604;0.1911;-12.917;0.6740;626.794;227.176;119.084
266649;0.4026;-11.296;0.1141;502.748;203.740;186.031
266694;0.5569;-0.9493;0.5149;444.809;191.603;84.046
266739;0.6837;-13.323;0.3088;621.221;209.313;85.267
266784;10.724;-18.487;-0.3377;690.763;312.824;61.069
266829;10.961;-22.404;-0.8538;646.412;393.893;177.328
266874;11.306;-22.247;-13.725;368.321;239.466;88.015
266919;13.710;-18.501;-10.570;180.305;90.992;-0.1298
266964;0.7876;-21.367;-11.716;11.832;68.168;-129.695
267009;0.5677;-18.439;-0.4534;0.0305;-83.664;27.557
267054;0.9458;-15.090;-0.7370;-50.305;-16.565;-16.183
267099;0.7693;-17.996;-10.865;-253.817;-59.695;-55.573
267144;0.9698;-17.501;-0.7484;-379.389;-129.847;-41.145
267189;11.707;-16.370;-0.7623;-511.069;-137.252;-125.802
267234;10.965;-17.443;-0.3907;-635.496;-187.481;-190.458
267279;0.7278;-17.627;0.1729;-695.954;-171.756;-215.267
267324;0.7114;-14.389;0.4513;-596.183;-166.718;-209.389
267369;0.3997;-15.938;0.4013;-590.687;-158.626;-264.427
267414;0.1010;-19.808;0.4598;-676.031;-277.328;-215.725
267459;0.1590;-21.244;14.379;-747.176;-300.611;-159.084
267504;0.1906;-19.621;17.478;-610.611;-75.954;-141.145
267549;0.1480;-20.182;14.875;-467.176;-71.832;-102.061
267594;0.0700;-24.948;19.956;-523.435;-176.870;-125.649
267639;-0.0693;-22.766;23.396;-333.511;-30.687;-52.061
267684;-0.0271;-22.256;23.396;-92.519;-57.786;-68.015
267729;-0.1060;-22.512;22.182;126.336;30.611;-50.840
267774;-0.0330;-20.970;22.200;367.710;42.595;-10.763
267819;0.0699;-22.942;20.491;544.656;32.748;0.6031
267864;0.2400;-22.471;16.893;711.603;129.466;20.076
267909;0.1328;-19.790;11.056;760.687;171.450;101.832
267954;0.3433;-13.171;0.6899;580.611;240.992;187.786
267999;-0.0395;-0.9841;0.8465;506.031;-33.969;72.214
268044;0.4786;-13.321;0.7518;647.786;-48.321;-17.099
268089;0.2047;-15.268;0.6638;631.069;144.962;-36.412
268134;0.5524;-15.847;0.2148;535.802;271.527;17.405
268179;12.909;-16.476;0.0000;501.069;241.679;26.565
268224;12.377;-18.170;-11.781;481.298;345.725;-47.557
268269;10.026;-17.716;-12.716;269.008;212.366;-0.7939
268314;12.747;-16.180;-15.947;183.588;206.489;61.908
268359;11.919;-11.328;-16.603;-74.427;-11.985;-61.450
268404;0.8790;-11.780;-0.4069;-93.282;-64.733;28.321
268449;10.736;-10.420;-0.7381;-80.916;-33.282;-0.6641
268494;10.856;-11.315;-10.538;-250.382;-78.321;-48.397
268539;11.240;-12.466;-0.9231;-389.389;-107.786;-140.076
268584;10.004;-14.772;-0.7562;-537.863;-144.885;-195.802
268629;0.8445;-15.037;-0.1579;-599.237;-205.725;-211.756
268674;0.6000;-15.773;0.2989;-648.168;-193.740;-222.366
268719;0.3966;-13.730;0.5546;-615.649;-171.679;-219.237
268764;0.1400;-15.206;0.6130;-610.534;-124.580;-203.282
268809;0.2179;-15.460;0.7994;-572.748;-145.725;-149.313
268854;0.3438;-15.070;11.880;-534.733;-158.626;-141.221
268899;0.2640;-17.238;13.750;-456.641;-116.489;-168.626
268944;0.2180;-20.970;16.125;-424.427;-130.840;-90.611
268989;0.3566;-21.521;20.691;-329.084;-67.099;-122.366
269034;0.1093;-26.628;23.396;-131.374;-36.260;-94.809
269079;0.3434;-17.082;18.380;137.786;-160.076;-22.290
269124;0.1699;-17.822;20.082;294.733;-80.534;-82.061
269169;0.0934;-16.117;18.771;338.168;-59.924;-14.962
269214;0.5640;-12.678;17.915;359.924;53.053;29.160
269259;0.5436;-12.067;16.913;359.389;76.336;13.053
269304;0.6964;-12.447;16.728;539.542;92.748;-44.427
269349;0.5721;-11.596;10.312;620.229;138.168;-47.939
269394;0.6699;-0.8700;0.8125;600.992;117.176;-94.122
269439;0.5431;-13.160;0.8310;624.962;197.176;-160.153
269484;0.4133;-15.878;0.2289;681.679;253.359;-143.740
269529;0.7064;-17.646;-0.1019;602.214;365.038;-99.847
269574;0.5106;-13.018;-12.222;387.863;287.023;-27.557
269619;10.153;-0.8909;-16.603;309.847;170.076;-35.344
269664;0.5969;-11.661;-13.699;31.679;127.863;-105.420
269709;0.5040;-11.161;-12.939;41.069;36.565;-0.0687
269754;0.6504;-0.9259;-12.411;-0.0229;-22.519;-0.2214
269799;0.5445;-0.9724;-10.778;-89.542;-65.878;10.076
269844;0.6267;-0.8340;-11.740;-146.794;-62.672;-0.5496
269889;0.7061;-0.8444;-0.9890;-291.908;-111.527;-33.740
269934;0.6060;-0.8947;-0.7565;-422.595;-126.107;-68.321
269979;0.5866;-10.091;-0.4177;-557.252;-150.305;-87.634
270024;0.6059;-10.750;-0.0418;-634.275;-172.137;-148.244
270069;0.4287;-13.044;0.4529;-586.412;-181.985;-208.321
270114;0.3905;-14.300;0.4728;-588.168;-199.160;-194.733
270159;0.5485;-15.728;0.7981;-605.878;-240.992;-193.588
270204;0.5872;-17.552;11.653;-594.962;-206.870;-223.588
270249;0.3829;-21.710;12.585;-576.183;-168.397;-233.435
270294;0.6423;-27.328;15.577;-551.145;-128.244;-214.504
270339;0.6146;-27.461;23.396;-483.893;-190.763;-282.290
270384;0.1129;-15.442;12.186;281.069;-112.977;72.748
270429;0.2211;-20.037;17.530;420.382;-43.053;-56.718
270474;0.2605;-13.438;20.610;389.924;-99.084;-38.702
270519;0.6994;-15.620;22.836;518.397;0.6107;-82.366
270564;0.9682;-14.863;18.531;607.328;194.580;-89.618
270609;0.7743;-14.246;10.583;644.885;264.504;-126.183
270654;0.3327;-14.048;0.7466;683.740;175.878;-86.947
270699;0.6635;-0.8083;0.3461;427.252;243.511;-133.435
270744;0.3908;-0.9558;0.3323;398.855;223.817;-141.756
270789;0.2476;-10.442;0.3863;391.985;221.603;-117.481
270834;0.5079;-10.884;0.3302;415.344;309.466;-72.977
270879;10.432;-13.392;-0.0974;461.527;422.748;-72.595
270924;14.677;-14.652;-11.737;450.611;531.450;-83.130
270969;10.098;-12.777;-16.603;152.290;294.198;-62.824
271014;10.717;-0.9716;-0.9451;-67.252;-23.740;-32.824
271059;0.8181;-0.9844;-0.8165;19.084;56.718;-57.176
271104;0.6981;-0.9988;-12.324;-12.443;-27.328;-12.214
271149;0.9250;-0.8993;-0.8867;-156.489;-48.473;-13.282
271194;0.9052;-0.8594;-12.368;-309.237;-0.8855;-36.794
271239;11.074;-0.7580;-0.7473;-416.183;-111.069;-81.145
271284;10.758;-0.7319;-0.6485;-553.969;-150.076;-187.328
271329;0.7000;-0.9756;0.1866;-535.267;-219.084;-212.824
271374;0.6761;-0.8010;0.3699;-431.145;-221.985;-214.733
271419;0.5093;-10.828;0.3384;-490.763;-175.802;-268.168
271464;0.4161;-13.658;0.5337;-525.496;-201.221;-266.947
271509;0.4778;-15.082;0.8037;-525.802;-265.420;-266.565
271554;0.6365;-16.571;11.139;-474.580;-240.534;-283.130
271599;0.2388;-19.927;11.812;-469.924;-206.031;-262.595
271644;0.7111;-21.257;16.071;-405.573;-248.855;-138.015
271689;0.9647;-22.815;23.396;-254.275;-333.893;-180.840
271734;0.2911;-13.218;19.093;267.634;51.985;49.924
271779;0.4410;-14.178;18.388;321.069;32.824;-25.725
271824;0.2244;-12.196;15.152;208.931;-0.7634;-45.267
271869;0.5821;-0.9668;18.370;196.870;-48.779;-40.000
271914;0.7488;-10.201;21.343;281.908;133.282;-45.649
271959;0.7857;-11.310;17.206;418.550;258.626;-50.229
272004;0.7656;-0.9786;13.110;525.802;314.580;-33.893
272049;0.7828;-0.9105;10.046;580.916;396.718;-55.878
272094;0.7407;-0.9318;0.7135;554.275;457.710;-62.443
272139;0.8469;-12.075;0.5739;575.115;426.565;-72.977
272184;0.7048;-15.986;0.2280;588.931;446.641;-84.656
272229;12.885;-11.921;-0.0986;477.252;519.313;-20.534
272274;19.038;-14.639;-0.3982;415.267;625.573;-57.939
272319;11.574;-13.361;-16.603;358.244;325.344;-29.313
272364;12.787;-0.9741;-10.744;-19.466;63.435;-47.939
272409;0.8209;-10.213;-0.4049;-56.489;13.435;-67.481
272454;0.6420;-0.9117;-0.2387;65.420;12.366;31.908
272499;0.7330;-0.7226;-0.4364;78.244;-0.4809;51.145
272544;0.7730;-0.7680;-0.4728;23.359;-26.489;48.168
272589;0.6373;-0.7578;-0.4121;-26.947;-40.840;46.260
272634;0.6224;-0.7272;-0.1925;-54.733;-48.092;50.076
272679;0.7066;-0.6682;-0.1456;-17.634;-12.061;37.023
272724;0.8891;-0.8468;-0.4184;-14.962;40.992;-0.4427
272769;11.150;-0.8271;-10.051;-108.626;0.0305;-38.015
272814;13.151;-0.8874;-12.591;-313.817;-101.145;-112.290
272859;12.899;-10.813;-0.8083;-516.260;-227.481;-195.954
272904;10.497;-10.884;-0.1082;-520.687;-287.405;-210.687
272949;0.8965;-0.8816;0.1396;-504.962;-280.305;-242.519
272994;0.9022;-0.9238;0.4676;-487.786;-220.305;-334.504
273039;0.6010;-10.229;0.3021;-509.542;-179.237;-398.779
273084;0.4752;-14.204;0.6288;-546.794;-252.061;-432.214
273129;0.4651;-17.853;10.641;-559.313;-237.405;-499.542
273174;0.4532;-21.457;11.501;-486.565;-142.901;-498.397
273219;-0.0922;-24.869;15.399;-330.000;-273.053;-494.580
273264;0.2872;-24.500;23.396;-52.366;-345.802;-397.557
273309;0.0527;-25.862;23.396;100.534;22.977;-170.611
273354;0.1562;-23.813;23.396;186.794;204.809;-0.3740
273399;0.4975;-17.932;22.518;426.489;354.656;96.565
273444;0.2897;-11.961;14.121;508.168;278.015;-19.695
273489;-0.0675;-0.6401;0.7952;243.511;373.359;-0.6336
273534;-0.4208;-0.3487;0.7831;0.1603;280.305;49.466
273579;-0.2778;-0.3411;11.750;11.603;201.450;33.282
273624;-0.3907;-0.3776;11.178;102.748;268.626;-0.7634
273669;-0.4674;-0.4927;10.603;157.557;301.985;-11.221
273714;-0.5952;-0.6611;0.8045;163.511;371.756;23.817
273759;-0.2405;-0.3478;0.8025;234.504;449.542;99.771
273804;0.4387;-0.6161;0.4561;321.756;572.290;0.0153
273849;0.5024;-0.8990;-0.0477;334.275;627.710;-49.924
273894;0.6735;-0.8112;-0.4161;260.153;606.031;-30.992
273939;11.567;-0.7002;-0.5309;164.351;498.473;-65.573
273984;10.646;-0.6953;-0.8797;86.870;357.557;-146.489
274029;0.7026;-18.862;-0.5037;167.481;222.901;-10.763
274074;13.306;-0.9000;-10.120;-28.550;150.916;78.626
274119;13.104;-0.7764;-0.9125;-49.237;-13.130;-61.679
274164;0.7374;-10.204;-0.5162;-148.321;-134.427;-68.779
274209;0.6418;-0.6005;-0.3137;-99.695;-200.076;-34.275
274254;0.3647;-0.6314;-0.2606;-65.344;-189.084;-0.7099
274299;0.1313;-0.6428;-0.4964;91.374;-125.267;0.2290
274344;0.5761;-0.2841;-0.4032;61.756;-192.137;0.6641
274389;0.2277;-0.5620;-0.6096;50.840;-207.176;20.687
274434;0.0493;-0.8754;-0.3653;64.504;-134.733;40.840
274479;-0.0722;-0.7614;-0.8405;81.679;-141.679;74.809
274524;-0.0764;-0.7991;-0.3727;-0.5344;-245.649;66.412
274569;-0.2561;-0.6721;-0.6080;95.802;-246.183;63.282
274614;-0.5485;-0.7265;-0.7085;75.649;-368.626;58.397
274659;-0.9080;-12.577;-0.1754;24.122;-443.893;132.519
274704;-0.4922;-0.7228;-0.0596;27.099;-632.443;184.962
274749;-0.5206;-0.4307;0.0000;56.718;-888.626;140.000
274794;-0.4446;-0.5034;0.7577;-61.832;-799.313;170.840
274839;-0.3864;-0.5251;11.425;0.2443;-446.641;67.939
274884;-0.2165;-0.4397;10.257;-11.832;-70.840;-12.519
274929;-0.2598;-0.4630;12.691;-91.756;22.519;-93.664
274974;-0.4548;-0.5984;13.802;-73.206;63.282;-84.580
275019;-0.5079;-0.7275;14.104;-44.809;-17.328;-85.954
275064;-0.6588;-0.7912;16.351;-30.687;-177.710;-85.878
275109;-0.4005;-0.8358;17.220;-27.252;-149.160;-41.908
275154;-0.0311;-0.8578;16.276;12.977;27.557;81.450
275199;-0.2429;-0.7825;15.994;-34.122;208.550;-0.3740
275244;-0.4075;-0.8785;14.400;-58.626;268.397;-34.733
275289;-10.385;-0.7406;12.143;-62.061;292.748;-19.695
275334;-0.6373;-0.9100;11.875;-127.328;328.702;-67.176
275379;-0.7632;-0.8768;0.8640;-143.359;538.931;-70.534
275424;-0.6318;-0.8259;0.4596;-211.603;644.962;-113.282
275469;-0.5817;-10.126;0.1327;-250.687;604.962;-86.336
275514;-0.6623;-0.9099;-0.1539;-230.992;649.389;-113.511
275559;-0.3398;-0.7317;-0.3969;-289.771;552.901;-97.099
275604;-0.1371;-0.6219;-0.5910;-326.565;547.023;-158.092
275649;0.3458;-0.1959;0.0306;-229.542;530.076;-106.870
275694;0.8508;-0.0830;-0.2766;-108.092;398.550;-90.305
275739;0.8591;-0.2582;-0.0863;-54.275;202.977;-64.809
275784;10.222;-0.1858;-0.1440;0.8779;24.351;-56.031
275829;0.9952;-0.1535;-0.1317;0.0611;-57.481;-0.5420
275874;0.8336;-0.1708;-0.1636;-0.2214;-59.313;22.977
275919;0.7356;-0.2054;-0.2233;29.237;-152.672;18.168
275964;0.6469;-0.0686;-0.3523;48.855;-347.099;-17.023
276009;0.6605;-0.0241;-0.6353;56.641;-590.153;-68.397
276054;0.6247;-0.1475;-0.8241;57.328;-703.435;-89.542
276099;0.2275;-0.3968;0.5809;281.832;-664.733;-123.588
276144;-0.3576;-0.3537;-0.2020;318.092;-555.725;-161.374
276189;-0.4460;-0.6462;0.2682;372.366;-723.435;-217.481
276234;-0.4528;-0.7443;0.7556;329.924;-619.466;-206.183
276279;-0.3526;-0.9177;11.348;226.718;-525.802;-98.397
276324;-0.1957;-0.9601;11.989;123.282;-493.664;-122.443
276369;-0.0362;-0.9023;17.364;142.137;-368.931;-78.626
276414;0.0815;-10.647;20.838;152.061;-100.000;-42.443
276459;-0.2455;-0.9009;19.905;120.229;-35.191;-18.702
276504;-0.1598;-0.9452;19.889;123.588;-67.786;11.756
276549;-0.1985;-0.7860;17.767;193.053;-0.6107;32.595
276594;-0.1128;-0.3459;15.174;82.290;60.992;-45.954
276639;0.0240;-0.4067;16.332;-60.916;166.718;-63.740
276684;0.3216;-0.6491;18.893;-129.237;373.969;-77.405
276729;0.1903;-0.6208;0.9493;-32.443;480.153;-71.221
276774;0.0685;-0.8657;0.2520;-121.069;768.397;-173.282
276819;-0.3129;-0.6094;-0.1187;-272.061;903.359;-246.336
276864;-0.1420;-10.147;-0.4635;-394.962;906.947;-219.160
276909;0.1252;-0.9408;-0.7365;-276.412;904.198;-163.130
276954;0.0455;-0.8490;-11.610;-116.412;550.229;-79.008
276999;0.4603;-0.5232;-0.4922;-75.191;432.214;-67.786
277044;0.5756;-0.5311;-0.8255;-99.847;421.221;-92.137
277089;0.7380;-0.5555;-0.4331;-62.672;34.733;-78.015
277134;0.9935;-0.5661;-0.1173;-0.4122;28.092;-45.802
277179;0.9178;-0.5459;-0.4602;0.7863;48.397;-0.6260
277224;0.9110;-0.5178;-0.4220;28.702;-84.580;14.656
277269;0.7825;-0.5572;-0.4471;22.672;-190.153;28.626
277314;0.5960;-0.5452;-0.6826;39.466;-448.321;26.794
277359;0.4969;-0.5208;-0.7151;36.947;-636.412;0.3740
277404;0.1530;-0.5740;-0.6001;108.473;-585.420;0.3664
277449;-0.2255;-0.6554;-0.4123;177.863;-589.618;0.3588
277494;-0.4168;-0.6296;-0.5031;186.489;-835.954;-39.618
277539;-0.4177;-0.7884;0.8043;316.260;-961.450;-55.878
277584;-0.4368;-0.7693;0.8808;193.130;-825.191;49.389
277629;-0.1895;-0.7552;10.688;37.252;-696.641;88.855
277674;0.2315;-0.7979;15.774;84.351;-403.511;68.168
277719;0.1973;-0.8206;15.354;101.756;-118.244;0.0687
277764;-0.0303;-0.6625;17.472;63.206;-51.908;0.2443
277809;0.0000;-0.6744;18.116;58.321;-28.855;-27.099
277854;0.0751;-0.6139;18.302;73.893;22.977;-10.992
277899;0.1328;-0.3579;16.656;0.3817;111.908;-32.977
277944;0.1528;-0.5358;16.696;-47.557;337.481;-63.740
277989;-0.1043;-0.5621;13.906;0.6412;508.779;-134.962
278034;-0.2883;-0.5839;0.9283;-49.008;548.092;-117.557
278079;-0.3576;-0.7137;0.5685;-135.878;598.473;-94.809
278124;-0.3160;-0.8003;0.3486;-144.885;706.031;-103.664
278169;-0.1686;-0.6690;-0.0990;-138.473;798.626;-85.878
278214;-0.0591;-0.6481;-0.6265;-349.542;939.618;-122.061
278259;0.2313;-0.6104;-0.7926;-342.137;814.885;-29.313
278304;0.6534;-0.3185;-0.6641;-107.863;741.450;11.603
278349;0.7986;-0.2690;-0.8602;-61.298;422.214;-24.733
278394;0.8890;-0.3159;-0.2659;0.2290;25.344;-47.481
278439;10.562;-0.3445;-0.2280;55.725;53.130;0.1603
278484;0.8279;-0.4098;-0.3203;69.160;44.046;33.053
278529;0.8220;-0.4397;-0.1999;48.168;-21.527;27.328
278574;0.7165;-0.4585;-0.3968;0.3817;-100.840;20.076
278619;0.7545;-0.4636;-0.3876;35.420;-308.015;0.2366
278664;0.6274;-0.4395;-0.5253;64.122;-485.802;-17.099
278709;0.5742;-0.4499;-0.5816;42.595;-642.824;-0.3359
278754;0.1500;-0.5499;-0.3949;136.870;-573.817;-16.947
278799;-0.1968;-0.5781;-0.3856;166.336;-615.878;-0.7557
278844;-0.4584;-0.6649;-0.0410;110.840;-741.221;-38.702
278889;-0.5012;-0.6990;0.4226;86.489;-844.657;-80.840
278934;-0.5312;-0.8098;10.994;153.664;-785.343;-76.489
278979;-0.4513;-0.7698;12.331;112.595;-657.023;0.3282
279024;-0.2534;-0.7707;15.387;82.443;-473.588;10.992
279069;-0.0724;-0.7981;17.087;141.374;-310.687;34.504
279114;0.1263;-0.7252;17.281;129.160;-151.679;-0.5191
279159;0.1119;-0.5798;17.189;56.260;-44.122;15.267
279204;0.0345;-0.6050;15.801;-18.626;19.237;-0.4504
279249;0.0222;-0.5833;16.740;-13.206;119.618;-47.328
279294;0.0450;-0.5729;16.235;-20.840;238.473;-35.267
279339;-0.0824;-0.5868;13.470;-17.328;394.198;-65.802
279384;-0.1992;-0.6475;12.214;0.9924;557.863;-130.763
279429;-0.3002;-0.6032;0.8258;32.824;746.794;-158.473
279474;-0.3560;-0.7847;0.0394;-72.290;839.771;-204.122
279519;-0.3910;-0.7678;-0.1082;-195.725;872.443;-144.733
279609;0.3962;-0.7627;-0.8141;-173.817;922.901;-89.389
279654;0.5358;-0.6122;-0.9550;-10.916;647.786;-90.458
279699;0.7944;-0.4632;-0.4308;45.802;312.977;-96.183
279744;0.9623;-0.4540;-0.3054;-20.916;87.786;-66.565
279789;10.737;-0.4971;-0.2714;0.4809;20.229;-40.916
279834;0.9995;-0.4668;-0.2559;0.8626;-67.710;17.252
279879;0.8558;-0.4869;-0.3006;-49.466;-199.313;42.595
279924;0.6565;-0.5022;-0.4161;-76.489;-333.130;16.641
279969;0.4835;-0.4375;-0.7716;28.244;-576.183;-11.298
280014;0.3090;-0.4793;-0.6357;49.771;-709.618;-57.710
280059;-0.0658;-0.5427;-0.4841;135.725;-645.038;-63.206
280104;-0.4112;-0.6154;-0.1785;168.931;-613.893;-50.153
280149;-0.6016;-0.7239;0.2187;152.672;-701.069;-39.008
280194;-0.7371;-0.7471;0.6272;168.168;-731.221;-35.573
280239;-0.5839;-0.7591;10.310;166.412;-774.427;42.137
280284;-0.3491;-0.5773;12.065;41.908;-701.145;117.634
280329;-0.1243;-0.6886;17.649;10.229;-218.168;57.786
280374;-0.4250;-0.6270;16.014;56.870;-85.115;0.0687
280419;-0.2266;-0.6104;16.361;35.038;-126.336;11.832
280464;-0.1024;-0.6284;16.342;-0.2366;17.634;-27.634
280509;-0.1030;-0.5921;16.051;-17.328;143.435;-43.053
280554;-0.0746;-0.5967;14.775;-44.275;362.824;-72.595
280599;-0.1863;-0.6862;11.945;-39.771;601.679;-96.260
280644;-0.3103;-0.7149;0.6405;-53.893;756.718;-108.550
280689;-0.4405;-0.8533;0.0000;-141.985;903.893;-128.855
280734;-0.3971;-0.7749;-0.2118;-232.824;963.359;-95.115
280824;0.3270;-0.6515;-11.002;-204.046;714.733;14.656
280869;0.5591;-0.2384;-0.8646;-51.069;402.366;22.748
280914;0.7169;-0.2991;-0.4810;-35.267;275.191;-10.076
280959;0.8019;-0.3730;-0.4806;0.4504;61.603;-25.496
281004;0.8600;-0.3655;-0.3338;10.000;-41.527;12.061
281049;0.7092;-0.4472;-0.3497;19.313;-144.427;24.656
281094;0.5749;-0.4983;-0.4068;34.656;-307.252;31.603
281139;0.4653;-0.4569;-0.6649;40.382;-487.557;18.092
281184;0.2115;-0.5301;-0.6934;90.534;-641.374;-20.382
281229;-0.1985;-0.5262;-0.6887;139.389;-658.168;-49.618
281274;-0.4568;-0.6537;-0.2325;174.122;-699.542;-77.710
281319;-0.7739;-0.7626;0.1571;144.122;-652.214;-89.466
281364;-0.8071;-0.8348;0.3591;109.237;-689.313;-84.733
281409;-0.7310;-0.8712;0.8588;193.359;-758.855;-40.763
281454;-0.4328;-0.7924;10.231;191.603;-756.260;62.519
281499;0.0000;-0.7300;16.122;84.809;-434.580;88.473
281544;-0.0344;-0.6899;15.719;29.008;-71.450;60.382
281589;-0.1943;-0.7125;15.052;0.3969;-94.198;56.718
281634;-0.0677;-0.7100;16.462;45.420;-30.229;12.061
281679;-0.0582;-0.6499;15.306;42.137;22.061;-0.5420
281724;0.1410;-0.5682;17.822;30.687;114.046;-30.382
281769;0.0675;-0.6009;14.303;-34.656;394.504;-86.336
281814;-0.0726;-0.6423;12.332;-56.565;641.145;-107.023
281859;-0.1929;-0.7179;0.6452;-23.282;940.305;-174.275
281904;-0.8024;-0.7793;-0.2550;-171.374;954.351;-195.802
281949;-0.8848;-0.8343;-0.3184;-314.809;767.176;-136.107
281994;-0.5356;-0.8370;-0.1049;-315.267;600.611;-58.397
282039;-0.0241;-0.6225;-0.4134;-136.031;587.481;-46.489
282084;0.0812;-0.4658;-0.6411;-150.076;472.214;-80.534
282129;0.4649;-0.3831;-0.6077;-135.878;384.580;-113.435
282174;0.7147;-0.2792;-0.6414;-80.916;302.061;-74.809
282219;0.8262;-0.1965;-0.5875;-32.290;19.771;-86.107
282264;0.8589;-0.1407;-0.5045;35.954;-154.580;-73.740
282309;0.6848;-0.1587;-0.6363;39.389;-235.725;-61.221
282354;0.4495;-0.1657;-0.7059;46.641;-381.908;-80.763
282399;0.1191;-0.2272;-0.5449;90.687;-433.664;-118.855
282444;-0.3070;-0.1598;-0.8249;64.122;-383.893;-130.916
282489;-0.3423;-0.1006;-10.101;0.2977;-520.840;-144.885
282534;-0.6122;-0.8166;0.8559;183.435;-570.916;-241.069
282579;-0.8466;-0.4307;-0.1706;178.015;-515.420;-247.557
282624;-0.6485;-0.6884;0.2265;160.153;-562.366;-199.771
282669;-0.7305;-0.6788;0.6559;213.893;-435.344;-176.031
282714;-0.5641;-0.8178;0.8932;149.084;-393.435;-158.244
282759;-0.3656;-0.8141;0.9969;134.122;-286.260;-132.824
282804;0.0426;-0.7870;10.024;109.160;-245.725;-140.229
282849;0.3513;-0.8077;10.821;127.023;-179.389;-109.389
282894;0.1290;-0.9534;13.398;17.099;-103.359;-64.809
282939;0.1840;-11.671;15.944;66.870;-74.809;-21.985
282984;-0.1485;-10.196;17.915;82.290;0.8321;-23.359
283029;-0.2473;-0.9773;19.577;66.336;112.214;-74.427
283074;-0.5117;-0.7836;20.111;36.260;167.023;-39.542
283119;-0.4411;-0.8177;20.366;-0.6870;234.656;-86.107
283164;-0.3967;-0.7317;18.889;-18.779;343.053;-113.817
283209;-0.5244;-0.7750;16.127;-90.916;415.267;-132.366
283254;-0.5776;-0.9264;12.983;-166.489;488.244;-138.397
283299;-0.4319;-10.586;0.9493;-224.351;513.053;-99.313
283344;-0.4358;-0.9670;0.7574;-189.542;475.267;-81.450
283389;-0.1597;-0.9900;0.6167;-182.214;447.023;-127.557
283434;-0.1041;-0.6944;0.1943;-198.015;586.947;-108.244
283479;0.0308;-0.5166;0.1389;-187.939;534.580;-186.412
283524;0.4429;-0.3825;0.0244;-292.443;555.878;-209.771
283569;0.7067;-0.1965;-0.0955;-226.565;547.939;-196.565
283614;0.9401;-0.1197;0.1225;-210.153;509.618;-182.595
283659;12.256;0.1349;-0.0965;-137.099;433.435;-158.702
283704;11.608;-0.0492;0.1393;-81.298;213.435;-122.672
283749;13.652;-0.0962;0.1941;-78.473;94.962;-94.962
283794;11.918;-0.1639;0.4236;17.481;59.924;-23.130
283839;11.296;-0.0372;0.5074;15.954;20.687;-0.3740
283884;10.972;-0.0424;0.4709;-0.8321;-20.305;35.878
283929;10.600;-0.0771;0.4000;0.3130;-85.802;48.855
283974;11.109;-0.0227;0.3708;29.618;-104.656;78.397
284019;11.309;0.0275;0.2541;24.198;-179.542;117.939
284064;10.058;-0.0297;0.1906;71.374;-296.336;135.802
284109;10.259;-0.0414;-0.0311;61.450;-552.672;121.985
284154;0.7656;-0.1214;0.0214;86.718;-571.374;123.206
284199;0.7036;-0.2115;0.0000;193.435;-652.137;76.794
284244;0.4546;-0.5726;0.2265;278.855;-750.611;25.573
284289;0.5146;-0.7652;0.5145;378.473;-928.321;-40.534
284334;0.2849;-11.833;12.186;404.122;-918.931;15.115
284379;-0.3079;-0.8775;17.971;351.985;-777.176;72.137
284424;-0.3682;-0.8867;23.396;190.076;-458.473;20.229
284469;-0.3127;-0.9310;23.396;63.511;-230.076;-113.588
284514;-0.2233;-0.9155;23.313;11.374;-0.8168;-43.588
284559;0.0301;-11.090;21.037;-176.718;239.847;-26.794
284604;-0.3469;-11.523;16.604;-220.916;540.916;-61.069
284649;-0.2903;-0.9488;12.412;-253.664;611.679;-70.840
284694;0.0449;-0.8627;0.7660;-424.885;865.496;-116.870
284739;0.0000;-0.7215;0.3353;-491.450;913.740;-118.626
284784;0.2241;-0.6096;0.2879;-375.802;724.198;-141.985
284829;0.4836;-0.0241;-0.0502;-262.061;702.595;-192.977
284874;0.9520;0.0894;-0.7986;-311.908;419.237;-228.626
284919;11.356;0.0000;-0.2518;-112.519;74.122;-173.664
284964;14.110;0.0699;-0.7882;-44.122;-126.870;-134.198
285009;0.8882;-0.1924;-0.5443;0.3588;-327.328;-33.588
285054;0.3344;-0.2151;-0.5650;139.618;-421.527;-0.1221
285099;-0.0901;-0.2126;-0.2532;92.901;-689.160;0.2595
285144;-0.4818;-0.5465;-0.0789;228.473;-308.397;83.206
285189;-0.4685;-0.5783;0.1134;155.954;-445.573;19.008
285234;-0.9490;-12.565;-0.4476;227.939;-143.740;149.008
285279;-0.7509;-0.5570;0.0580;316.260;-83.969;328.855
285324;-0.7522;-0.1653;-0.6665;76.260;-134.885;184.351
285369;-0.7736;-0.6083;-0.2707;0.4198;-176.718;89.466
285414;-11.826;-0.7338;-0.0368;250.076;-250.229;34.656
285459;-11.691;-0.6929;-0.7780;190.763;-206.718;-44.122
285504;-0.9603;-0.6049;-0.4835;-0.3435;-357.481;-138.015
285549;-10.252;-0.7524;0.4244;225.725;-403.206;-278.779
285594;-0.6182;-0.7327;0.2882;486.794;-478.015;-243.282
285639;-0.3818;-0.5019;0.6963;456.947;-559.084;-170.687
285684;-0.2266;-0.6723;14.700;413.893;-499.847;-185.573
285729;-0.2344;-0.4783;14.378;371.756;-330.687;-93.282
285774;-0.0308;-0.3635;17.702;228.397;-94.809;-43.893
285819;-0.0515;-0.0273;18.503;47.939;149.847;14.962
285864;-0.1728;-0.2688;19.839;-106.641;307.939;-32.443
285909;-0.3485;-0.2983;21.392;-269.924;547.557;10.458
285954;-0.4876;-0.0954;14.767;-312.214;647.328;-76.718
285999;-10.237;-0.2522;10.366;-362.061;669.618;-228.931
286044;-0.7263;-0.3726;0.6775;-307.023;774.198;-210.382
286089;-0.3023;-0.4866;0.1672;-229.237;745.954;-141.527
286134;-0.0938;-0.5875;0.0000;-135.344;633.588;-118.626
286179;0.3496;-0.8422;-0.2104;-33.053;455.420;-180.611
286224;0.7020;-0.8635;-0.6818;-67.023;174.809;-242.061
286269;0.5406;-0.8024;-0.6811;-144.351;12.824;-237.405
286314;0.5001;-0.7995;-0.6480;-96.336;17.557;-143.053
286359;0.5811;-0.7386;-0.7722;-49.008;-48.702;-112.672
286404;0.3558;-0.7607;-0.6614;-37.099;-102.748;-101.374
286449;0.2215;-0.7269;-0.6876;-32.901;-63.893;-36.718
286494;0.3060;-0.6476;-0.8353;-25.420;-95.878;-19.466
286539;0.2046;-0.7338;-0.7321;-22.672;-223.664;-41.908
286584;0.1271;-0.4507;-0.7872;-43.511;-373.893;-26.412
286629;-0.0654;-0.3614;-0.6193;-16.183;-576.260;-95.725
286674;-0.3035;-0.2276;0.0234;177.786;-765.038;-130.153
286719;-0.6332;-0.5248;0.8298;378.244;-774.504;-198.168
286764;-0.9478;-0.8759;0.9645;372.290;-583.130;-162.901
286809;-0.7048;-0.7181;10.374;280.611;-430.840;-140.534
286854;-0.4989;-0.7582;13.430;241.527;-330.840;-181.069
286899;-0.4084;-0.6504;14.889;223.664;-251.221;-120.840
286944;-0.3870;-0.7018;16.315;170.611;-153.893;-91.985
286989;-0.3335;-0.5939;15.791;86.565;-60.763;-43.511
287034;-0.3486;-0.5787;15.520;21.527;26.870;-19.389
287079;-0.3811;-0.5856;14.844;-15.649;74.885;0.4275
287124;-0.4965;-0.5958;14.597;-62.214;153.282;10.763
287169;-0.5622;-0.6141;13.837;-89.160;241.450;40.916
287214;-0.6707;-0.6085;12.261;-93.893;245.114;16.718
287259;-0.9241;-0.6495;11.694;-132.366;301.985;-32.290
287304;-0.9092;-0.7554;10.049;-151.450;377.863;-14.504
287349;-0.8538;-0.8011;0.7002;-132.977;331.298;0.0992
287394;-0.9327;-0.7408;0.4277;-104.962;224.198;-0.7405
287439;-10.826;-0.7582;0.3298;-92.519;210.000;-35.038
287484;-11.923;-0.8088;0.3542;-74.580;314.886;-60.916
287529;-10.236;-0.8343;0.1379;-60.076;463.969;-95.344
287574;-0.6679;-0.8679;-0.1895;-64.885;509.389;-119.313
287619;-0.4222;-0.9444;-0.3334;-69.313;429.313;-126.031
287664;-0.2062;-0.9573;-0.5180;-97.405;290.840;-123.206
287709;0.0000;-0.7975;-0.7266;-157.634;141.298;-97.710
287754;-0.0368;-0.5995;-0.5536;-109.008;-19.847;-166.565
287799;-0.2200;-0.8234;-0.3917;-38.550;80.305;-93.130
287844;0.0435;-0.6292;-0.7030;-90.763;123.130;-40.916
287889;0.0000;-0.7152;-0.5166;-78.397;75.725;-60.458
287934;0.0000;-0.6541;-0.5722;-72.290;92.519;-45.496
287979;0.1276;-0.6393;-0.5581;-115.038;140.382;-41.756
288024;0.3838;-0.4622;-0.6664;-146.718;106.718;-33.817
288069;0.3972;-0.3733;-0.5536;-85.267;21.527;-91.374
288114;0.3477;-0.3751;-0.5485;0.9466;-18.321;-57.176
288159;0.2854;-0.3470;-0.5802;15.802;-42.519;-32.672
288204;0.2026;-0.3887;-0.5454;40.000;-52.290;-12.137
288249;0.1419;-0.3956;-0.5685;36.031;-49.695;-0.4885
288294;0.0577;-0.4138;-0.5283;13.511;-21.298;19.160
